id,genotyping_initials,NOTCH1_rs61751489T,PPARG_rs4684847T,ICAM1_rs1799969G,PRKAA1_rs59133000T,PRKAA1_rs3805490T,F5_rs6018T,EPAS1_rs4953354G,PPARGC1A_rs3736265A,PPARG_rs1801282G,NOS3_rs7830G,EGLN1_rs1769793T,ADRA1A_rs1048101G,ADRA1A_rs2229125C,iid,old_genotyping_initials
1,LNV,2,2,1,0,0,2,0,1,2,0,1,1,2,CDP000247,LNV
2,JNV,2,2,1,1,1,2,1,2,2,0,1,2,1,CDP000207,JNV
3,VCM,0,0,1,0,0,2,0,2,0,1,0,1,2,CDP000378,VCM
4,LMA,0,0,0,1,1,2,2,2,0,1,1,1,2,CDP000242,LMA
5,CCC,0,0,1,0,1,1,2,2,0,0,0,1,1,CDP000036,CCC
6,HPL,1,1,1,0,0,2,1,2,1,0,1,0,2,CDP000154,HPL
7,NRT,1,0,1,0,0,2,1,1,0,0,2,0,2,CDP000301,NRT2
8,MRC,0,1,1,0,0,1,1,1,1,0,2,1,2,CDP000284,MRC
9,ESP,1,1,0,0,0,1,1,2,1,0,0,2,2,CDP000104,ESP
10,ASP,0,0,1,0,0,2,1,2,0,1,0,2,1,CDP000028,ASP
11,JSC2,0,0,1,0,1,2,1,2,0,0,1,0,2,CDP000220,JCS2
12,VSH,0,1,1,0,0,2,0,2,1,0,2,2,2,CDP000383,VSH
13,WSR,0,1,1,0,0,1,1,2,1,0,2,1,1,CDP000396,WSR
14,LSM,0,1,0,0,0,1,0,1,1,0,1,0,2,CDP000253,LSM
15,FLP,0,1,1,2,2,1,1,2,1,0,1,1,2,CDP000114,FLP
16,MVH,1,1,0,0,0,1,1,1,1,0,2,1,2,CDP000290,MVH
17,EQA,1,1,2,1,1,2,1,0,1,0,0,1,2,CDP000100,EQA
18,MER,1,1,2,0,0,2,1,1,1,1,1,2,2,CDP000269,MER
19,WER,1,0,2,0,0,2,0,2,0,0,2,0,2,CDP000392,WER
20,JET,1,1,1,0,0,2,1,2,1,2,2,1,1,CDP000184,JET
22,MCV,1,1,1,0,0,2,1,2,1,1,2,1,2,CDP000267,MCV
23,ESV,1,1,1,0,0,0,0,2,1,0,1,1,2,CDP000105,ESV
24,YHS,1,2,0,0,0,1,0,2,2,0,1,0,2,CDP000400,YHS
25,SYP,1,1,1,0,1,2,1,1,1,0,2,0,2,CDP000369,SYP
27,JCL,0,1,0,0,0,2,1,2,1,0,2,0,2,CDP000174,JCL
28,EEU,0,0,1,0,0,2,2,2,0,0,2,1,2,CDP000089,EEU
29,JRA,1,0,1,0,0,1,1,1,0,1,2,2,2,CDP000213,JRA
30,DCG,0,0,2,0,0,2,1,2,0,0,2,1,2,CDP000057,DCG
31,ACS,0,0,0,0,0,2,0,1,0,1,2,1,2,CDP000012,ACS
32,FMS,0,1,0,0,0,2,0,2,1,1,2,0,2,CDP000117,FMS
33,DRR,0,0,1,0,0,2,1,2,0,0,1,2,2,CDP000067,DRR
34,PRD,1,2,1,0,0,1,2,2,2,0,1,0,2,CDP000321,PRD
35,HAD,0,1,2,0,1,2,1,2,1,0,2,0,1,CDP000142,HAD
36,SPR,1,2,0,0,0,2,2,2,2,1,2,0,2,CDP000365,SPR
37,HPL2,1,0,1,0,1,2,1,2,0,1,1,0,2,CDP000155,HPL2
39,EDO,0,1,2,0,0,2,0,2,1,0,1,1,2,CDP000085,EDO
40,DMS,1,0,2,0,0,1,1,2,0,0,1,1,2,CDP000063,DMS
41,FCM,1,1,1,0,0,1,1,2,1,1,1,0,2,CDP000110,FCM
42,FRV,0,0,0,0,0,1,2,2,0,0,2,0,2,CDP000122,FRV
43,AHV,1,0,1,0,0,2,0,1,0,0,2,0,2,CDP000021,AHV
44,PPR,1,1,2,0,0,1,1,1,1,0,1,1,2,CDP000319,PPR
45,HAN,0,0,1,0,0,2,1,2,0,0,1,1,2,CDP000143,HAN
46,HCP,0,1,2,0,0,2,1,2,1,0,1,0,2,CDP000144,HCP
47,AEQ,0,1,1,0,0,2,0,1,1,0,2,2,1,CDP000015,AEQ
48,PMC,0,1,0,1,1,1,2,2,1,0,0,2,2,CDP000314,PMC
49,VVE,0,2,0,1,1,1,0,2,2,0,0,1,2,CDP000385,VVE
50,MBB2,0,1,2,1,1,1,1,2,1,1,2,0,2,CDP000412,MBB2
51,JLL,0,1,2,0,1,2,1,2,1,0,1,1,1,CDP000197,JLL
52,ELR,1,1,1,0,0,0,0,2,1,1,1,1,2,CDP000096,ELR
53,MCC,0,0,0,0,1,2,1,2,0,1,2,1,2,CDP000264,MCC
54,JCS,0,0,0,0,0,2,0,2,0,2,2,1,2,CDP000177,JCS
55,JSL,0,1,1,0,0,0,0,1,1,0,0,0,2,CDP000221,JSL
56,LCC,0,0,1,0,0,2,0,2,0,0,1,1,2,CDP000234,LCC
57,OTM,0,1,1,0,0,1,1,2,1,1,2,1,1,CDP000309,OTM
58,LCJ,2,1,1,1,1,2,2,1,1,1,2,2,1,CDP000238,LCJ
59,JOL,1,1,1,1,1,1,0,1,1,1,1,1,1,CDP000208,JOL
60,HCP2,2,0,1,1,1,1,0,2,0,1,2,2,2,CDP000145,HCP2
61,CMB,0,0,1,1,1,2,1,0,0,0,1,2,2,CDP000044,CMB
62,ECH,1,0,2,0,0,2,1,1,0,1,1,1,2,CDP000081,ECH
63,MLR,0,0,1,0,0,1,1,1,0,2,1,0,2,CDP000279,MLR
64,TCG,0,0,2,0,0,1,1,0,0,1,0,1,2,CDP000371,TCG
65,SDP,2,1,0,0,0,1,2,2,1,0,0,0,2,CDP000362,SOP
66,DMM,1,1,1,0,0,1,0,1,1,0,1,1,2,CDP000062,DMM
67,NCR,2,1,1,0,1,2,1,2,1,0,1,1,1,CDP000001,NCR
68,AST,1,1,2,0,0,2,1,1,1,0,2,0,1,CDP000030,AST
68,JIS,1,0,2,1,1,2,0,0,0,0,0,2,2,CDP000195,JIS
69,DTR,0,0,2,0,0,2,1,2,0,0,1,1,2,CDP000071,DIR
70,IRD,0,0,1,0,1,1,2,2,0,0,1,0,2,CDP000162,IRD (IRT)
71,RRO2,0,0,1,0,1,2,2,2,0,0,0,1,2,CDP000349,RRO2
72,NCD,0,1,1,0,0,2,2,1,1,0,1,2,2,CDP000296,NCD
73,BST,1,1,2,0,0,2,1,1,1,0,2,1,1,CDP000409,BST
75,FEU,1,2,1,0,0,2,0,2,2,0,2,0,2,CDP000111,FEM
76,CLE,0,0,2,0,0,2,1,2,0,0,2,0,2,CDP000043,CLE
77,GEU,1,1,0,1,1,2,0,2,1,0,1,1,2,CDP000129,GEU
78,GQC,0,1,1,0,0,1,2,2,1,0,2,2,1,CDP000134,GQC
79,NAE,0,0,1,0,0,2,1,1,0,1,0,0,1,CDP000295,NAE
80,OHT,1,0,1,1,1,2,2,1,0,0,1,2,2,CDP000307,OHT
81,VSP,1,1,2,0,0,2,0,2,1,1,1,2,0,CDP000384,VSP
82,DAC,1,1,2,0,0,1,1,2,1,0,2,1,2,CDP000056,DAC
83,PSM,0,1,0,0,1,1,2,2,1,0,2,1,2,CDP000322,PSM
84,MJE,1,2,1,0,0,2,0,2,2,1,2,0,2,CDP000275,MJE
85,HLR,2,0,1,0,0,1,1,1,0,0,1,2,1,CDP000152,HLR
86,ECC,1,1,0,1,1,2,0,1,1,0,0,0,2,CDP000079,ECC
87,OTR,1,1,1,1,1,2,2,2,1,0,2,0,2,CDP000310,OTR
88,REU,0,1,1,0,0,2,2,2,1,0,2,2,2,CDP000332,REU
89,MZT,1,2,2,0,1,1,0,2,2,0,2,0,2,CDP000294,MZT
90,ECB,1,0,1,0,0,1,2,2,0,0,2,0,2,CDP000078,ECB
91,JBP,1,0,0,0,1,2,0,2,0,0,1,1,2,CDP000171,JBP
92,DNS,1,2,1,1,1,2,1,2,2,0,0,1,1,CDP000064,DNS
93,ACR,1,1,0,1,1,2,0,0,1,0,1,1,2,CDP000011,ACR
94,LYC,0,2,1,1,1,1,2,2,2,0,2,1,2,CDP000258,LYC
95,RJM,1,1,1,0,0,2,1,2,1,0,2,1,0,CDP000337,RJM
96,MGE,0,1,1,1,1,2,0,0,1,2,1,2,2,CDP000271,MGE
97,SQN,0,0,0,0,1,2,1,2,0,0,2,0,1,CDP000366,SQN
98,LBY,0,0,1,0,0,2,1,1,0,1,1,2,2,CDP000233,LBY
99,KCR,2,0,1,0,1,1,0,2,0,0,1,2,1,CDP000228,KCR
100,AHD,0,0,1,0,0,2,2,2,0,0,0,0,2,CDP000019,AHD
101,JDS,0,0,1,1,1,2,1,2,0,0,2,1,1,CDP000182,JDS
102,EFP,0,1,1,0,0,1,2,2,1,2,1,2,1,CDP000090,EFP
105,FRC,0,0,2,0,0,0,2,2,0,1,2,0,2,CDP000119,FRC
106,LCD,0,0,1,0,0,2,1,2,0,0,1,0,1,CDP000237,LCD
107,AAM,1,0,1,0,1,2,2,2,0,0,1,0,2,CDP000004,AAM
108,EHS,2,1,0,1,1,2,2,2,1,1,1,2,2,CDP000002,EHS
109,RSA,0,1,1,1,1,2,0,2,1,0,1,0,2,CDP000354,RSA
110,GVM,1,0,2,0,0,1,2,2,0,0,0,0,1,CDP000138,GVM
111,EPP,0,0,1,0,1,0,0,0,0,1,1,2,1,CDP000099,EEP
112,JZV,2,0,2,0,0,1,1,1,0,1,2,0,2,CDP000226,JZV
113,YAC,0,1,1,0,0,1,1,1,1,0,2,2,1,CDP000398,YAC
114,MGD,1,0,2,0,0,2,0,2,0,0,1,1,2,CDP000270,MGD
115,MCC2,1,2,2,1,1,2,1,2,2,0,2,1,1,CDP000265,MCC2
116,CES,1,1,0,0,0,2,1,2,1,0,0,1,1,CDP000038,CES
117,WCV,1,0,2,0,0,2,2,2,0,0,0,1,2,CDP000391,WCV
118,MMN,0,0,0,1,1,2,1,2,0,0,1,1,2,CDP000281,MMN
119,CCA,1,1,1,0,0,2,1,2,1,0,1,0,2,CDP000035,CCA
120,YMC,0,2,2,2,2,1,1,1,2,1,1,1,2,CDP000402,YMC
121,RVC,0,1,2,1,1,1,1,2,1,1,1,1,1,CDP000356,RVC
122,WER2,0,2,1,0,0,1,0,2,2,0,0,0,2,CDP000393,WER2
123,FRC2,1,1,2,0,0,2,0,2,1,1,1,1,1,CDP000120,FRC2
124,IRR,0,1,1,1,1,1,1,2,1,1,1,1,2,CDP000163,IRR
125,CPM,1,0,1,0,0,2,2,2,0,0,1,0,2,CDP000046,CPM
126,JVP,1,0,2,1,1,1,2,1,0,0,2,2,2,CDP000225,JVP
127,PTA,0,0,1,0,0,1,0,1,0,0,1,1,2,CDP000123,PTA
128,CYC,1,1,2,0,0,1,1,2,1,1,1,0,2,CDP000054,CYC
129,WAY,0,0,1,0,0,2,1,1,0,0,2,0,1,CDP000388,WAY
130,CPP,1,0,2,1,1,1,1,2,0,1,1,0,2,CDP000047,CPP
131,RZR,2,0,1,0,0,2,1,1,0,0,2,1,1,CDP000358,RZR
132,KCC,1,0,0,0,0,1,1,2,0,NA,0,2,2,CDP000227,KCC
133,GCR,0,0,0,0,0,2,2,2,0,1,1,1,2,CDP000128,GCR
134,HVB,0,0,1,0,0,2,1,1,0,0,2,1,1,CDP000415,HVB
135,AGS,1,1,1,0,0,2,0,2,1,1,0,1,1,CDP000041,AGS
150,JPP,1,0,2,1,1,1,1,2,0,1,1,0,2,CDP000211,JPP
151,ABR,1,1,1,0,0,2,1,1,1,1,1,1,2,CDP000008,ABR
152,MAN,0,1,2,0,0,2,1,2,1,1,0,1,2,CDP000260,MAN
153,MVT,0,1,1,0,0,2,1,2,1,0,2,2,2,CDP000292,MVT
154,PGR,2,1,1,0,0,2,1,2,1,1,2,2,2,CDP000312,PGR
176,CGC,0,0,2,1,1,2,0,2,0,0,2,1,1,CDP000039,CGC
178,YTG,0,1,0,0,0,2,2,2,1,0,1,2,2,CDP000405,YTG
180,VCE,1,1,1,1,1,2,1,2,1,2,0,1,2,CDP000377,VCE
181,ECS,1,0,1,0,0,1,0,1,0,0,1,0,2,CDP000084,ECS
182,CPP2,1,0,2,0,0,1,1,2,0,0,1,0,2,CDP000500,CPP2
183,MVE,0,0,2,1,1,1,2,2,0,1,0,1,2,CDP000287,MVE
184,DVC,0,1,1,0,0,2,1,2,1,0,2,2,1,CDP000072,DVC
186,JHT,1,1,0,0,0,2,2,2,1,0,2,1,2,CDP000193,JHT
187,AHT,0,1,0,0,0,2,2,2,1,0,1,1,2,CDP000020,AHT
188,JHT2,1,1,1,1,1,2,2,1,1,0,2,0,2,CDP000194,HT2
189,MCA,1,1,1,1,1,2,2,2,1,0,1,1,2,CDP000263,MCA
190,VQH,0,0,1,0,0,1,1,1,0,1,1,1,2,CDP000382,VQH
191,ASQ,0,0,0,0,0,2,0,1,0,1,1,2,2,CDP000029,ASQ
192,CVC,0,0,1,0,1,2,1,1,0,1,1,1,1,CDP000053,CVC
193,CRA,2,0,0,0,0,1,0,2,0,0,2,2,1,CDP000048,CRA
194,SMR,0,1,1,0,0,1,0,2,1,0,2,2,2,CDP000363,SMR
195,CRB,0,1,2,0,0,2,2,2,1,0,1,1,2,CDP000049,CRB
196,POG,1,1,0,0,0,2,0,1,1,1,1,0,2,CDP000316,POG
197,MAC,0,1,2,0,1,1,0,2,1,0,0,2,2,CDP000259,MAC
198,BEE,0,1,2,1,1,2,0,1,1,2,2,2,1,CDP000406,BEE
199,CCE,0,0,1,0,2,2,1,2,0,0,1,2,1,CDP000037,CCE
200,HEE,0,1,2,1,2,2,0,2,1,0,2,2,1,CDP000146,HEE
201,LMC,0,1,2,0,1,2,1,0,1,1,1,2,1,CDP000243,LMC
202,JAE,1,1,1,0,0,1,0,2,1,1,1,2,2,CDP000168,JAE
203,MLE,1,0,1,0,1,2,2,1,0,0,0,1,2,CDP000277,MLE
204,STV,0,1,2,0,0,1,2,2,1,1,2,2,1,CDP000368,STV
205,MVE2,1,1,2,0,0,1,1,2,1,1,2,1,1,CDP000288,MVE2
207,SRV,1,2,0,0,0,2,0,2,2,1,1,0,2,CDP000367,SRV
208,FMR,1,1,0,0,0,2,1,2,1,0,2,1,2,CDP000116,FMR
209,RRP,0,1,1,0,1,2,2,2,1,2,1,0,2,CDP000350,RRP
210,JPO,0,0,2,0,1,2,1,2,0,2,1,0,2,CDP000210,JPO
211,JCS2,0,0,0,0,0,2,0,2,0,2,2,1,2,CDP000502,JCS
212,DRH,0,1,1,0,0,2,0,2,1,0,1,0,2,CDP000066,DRH
214,KOG,0,0,2,0,0,2,1,1,0,0,1,1,2,CDP000229,KOG
215,JAA,1,2,1,0,0,2,1,1,2,0,2,0,2,CDP000167,JAA
216,RPO,0,0,2,0,0,2,1,1,0,0,2,0,2,CDP000344,RPO
217,FRH,1,0,0,1,1,2,0,2,0,0,2,0,2,CDP000121,FRH
218,KSC,0,0,2,0,0,2,1,1,0,0,0,1,2,CDP000231,KSC
220,VCD,1,0,1,1,1,1,0,2,0,0,1,0,2,CDP000376,VCD
221,RGR,0,0,2,0,0,1,0,2,0,0,2,0,2,CDP000335,RGR
222,ASC,0,0,1,0,1,1,1,2,0,1,0,1,2,CDP000026,ASC
223,GVR,2,0,0,0,0,1,1,2,0,1,2,0,1,CDP000139,GVR
224,JRG,0,2,2,0,0,2,0,1,2,1,2,0,2,CDP000214,JRG
225,SCM,0,0,2,1,1,1,2,2,0,0,0,0,2,CDP000360,SCM
226,ACM,1,1,2,0,0,1,0,1,1,0,1,0,1,CDP000010,ACM
227,JRZ,0,0,1,0,1,1,0,1,0,1,2,0,2,CDP000217,JRE
228,HGC,1,1,2,0,1,2,0,2,1,1,2,1,1,CDP000148,HGC
229,RRC,1,0,2,0,0,1,1,2,0,2,0,0,2,CDP000346,RRC
230,JSC,1,0,1,0,0,2,2,2,0,0,2,1,2,CDP000219,JSC
231,TRC,1,0,1,0,0,0,0,1,0,0,1,0,2,CDP000373,TRC
232,GRM,0,1,0,1,1,1,1,2,1,1,2,0,1,CDP000135,GRM
233,ICA,1,0,2,0,0,2,2,2,0,1,2,2,2,CDP000160,ICA
234,LML,0,0,2,0,0,2,1,2,0,0,2,2,1,CDP000245,LML
235,JBG,0,0,1,1,1,2,2,2,0,0,2,0,0,CDP000170,JBG
236,ABO,1,0,2,1,1,1,1,2,0,1,1,2,2,CDP000007,ABO
238,JM,0,0,2,0,0,2,1,2,0,1,2,2,1,CDP000202,8JM
239,LB,2,0,1,1,1,2,1,2,0,1,1,0,2,CDP000232,9LB
240,YLV,1,1,1,0,0,2,0,2,1,2,1,1,2,CDP000401,YLV
241,HYV,1,1,2,0,0,0,2,1,1,1,2,1,2,CDP000157,HYV
242,HEQ,2,1,1,1,1,1,1,2,1,1,1,1,2,CDP000147,HEQ
243,JNB,0,2,1,0,0,2,1,2,2,1,1,1,1,CDP000206,JNB
244,RCC,1,1,1,0,0,2,2,2,1,0,0,0,2,CDP000326,RCC
245,RRS,0,0,2,0,0,1,1,1,0,0,1,1,2,CDP000351,RRS
246,ETC,1,0,1,1,1,1,1,1,0,0,2,0,2,CDP000106,ETC
247,DVS,1,0,2,0,0,1,1,1,0,0,1,0,2,CDP000073,DVS
248,MCS,0,0,2,0,0,2,1,2,0,0,1,1,2,CDP000266,MCS
251,JFS,0,1,1,0,0,1,1,2,1,0,2,1,0,CDP000185,JFS
252,ECC2,1,0,1,0,0,2,2,2,0,0,2,2,2,CDP000501,ECC2
253,SCG,0,1,2,0,0,2,1,2,1,0,2,0,2,CDP000359,SCG
254,KRU,1,1,1,0,0,2,1,2,1,1,0,0,2,CDP000230,KRU
255,PPU,2,1,0,0,0,1,1,2,1,0,0,1,2,CDP000320,PU
256,CCM,1,0,2,0,0,1,0,2,0,0,0,1,2,CDP000109,CCM
257,JUT,2,1,1,1,1,1,1,2,1,0,1,2,2,CDP000222,JUT
259,XCN,1,0,1,0,0,2,1,2,0,1,1,1,2,CDP000397,XCN
260,IBM,1,0,0,1,1,1,0,2,0,1,1,0,2,CDP000159,IBM
261,AOM,0,1,2,0,1,2,1,2,1,0,1,0,2,CDP000023,AOM
262,ADB,2,1,0,0,1,0,0,2,1,0,2,2,2,CDP000013,ADB
264,LTV,1,1,1,0,0,1,1,2,1,1,1,1,2,CDP000256,LTV
265,JGC,0,0,1,1,1,2,0,2,0,0,1,1,2,CDP000189,JGC
266,JGT,0,0,2,1,1,2,0,2,0,0,2,1,2,CDP000191,JGT
267,CGC2,0,1,2,0,0,2,1,2,1,0,1,1,2,CDP000040,CGC2
268,ECR,0,1,1,0,0,2,1,2,1,0,0,0,2,CDP000083,ECR
269,AGI,0,0,2,1,2,2,1,2,0,0,0,1,2,CDP000017,AGI
271,MDC,1,1,1,1,2,2,1,2,1,0,2,2,2,CDP000268,MDC
272,RRT,2,1,2,0,0,2,1,2,1,0,2,0,2,CDP000352,TRG
273,DTE,0,0,2,1,1,1,0,1,0,0,1,0,2,CDP000069,DTE
274,MBB,0,1,1,0,1,2,1,2,1,0,1,1,2,CDP000261,MBB
275,LCC2,0,0,2,0,0,1,1,2,0,1,1,1,1,CDP000235,LCC3
276,IVR,1,1,2,1,1,1,1,0,1,0,NA,0,2,CDP000166,IVR
277,JG,0,0,1,1,1,1,1,2,0,0,0,0,2,CDP000186,JG
279,FGV,0,1,0,1,1,2,2,2,1,0,2,1,1,CDP000113,FGB
280,JRV,2,1,1,0,0,2,2,2,1,1,1,1,2,CDP000216,JRT
281,CST,0,0,1,0,0,1,0,2,0,0,1,1,1,CDP000051,CST
282,JLO,0,1,1,0,0,0,0,0,1,0,2,1,2,CDP000199,JLO
283,CSN,2,1,1,0,0,0,2,2,1,2,0,2,1,CDP000052,CSN
284,JG2,0,1,1,0,0,2,0,2,1,1,0,1,2,CDP000187,JGZ
285,YHH,0,1,0,0,0,2,1,2,1,0,1,2,1,CDP000399,YHH
286,NHR,0,1,1,0,0,1,2,1,1,0,1,2,2,CDP000298,NHR
287,JHC,2,0,2,1,1,1,1,1,0,0,2,1,2,CDP000192,JMC
288,ERY,0,1,1,1,1,1,1,2,1,0,1,1,2,CDP000102,ERY
289,OBS,0,1,2,0,0,0,0,0,1,1,1,1,2,CDP000303,OBS
290,GCC,0,1,2,0,0,0,1,0,1,0,1,0,2,CDP000127,OCC
291,MH,0,1,1,0,0,1,1,2,1,0,2,0,2,CDP000504,MH
292,GHR,0,1,1,0,0,1,1,1,1,0,1,1,2,CDP000133,GH
293,MPT,2,2,1,1,1,1,1,2,2,0,2,0,2,CDP000282,MT
294,WA,0,0,2,0,0,2,1,2,0,0,0,0,2,CDP000386,WA
295,POG2,1,1,0,0,0,1,0,1,1,1,1,0,2,CDP000317,POG2
