id,genotyping_initials,NOTCH1_rs61751489T,PPARG_rs4684847T,ICAM1_rs1799969G,PRKAA1_rs59133000T,PRKAA1_rs3805490T,F5_rs6018T,EPAS1_rs4953354G,PPARGC1A_rs3736265A,PPARG_rs1801282G,NOS3_rs7830G,EGLN1_rs1769793T,ADRA1A_rs1048101G,ADRA1A_rs2229125C
1,LNV,2,2,1,0,0,2,0,1,2,0,1,1,2
2,JNV,2,2,1,1,1,2,1,2,2,0,1,2,1
3,VCM,0,0,1,0,0,2,0,2,0,1,0,1,2
4,LMA,0,0,0,1,1,2,2,2,0,1,1,1,2
5,CCC,0,0,1,0,1,1,2,2,0,0,0,1,1
6,HPL,1,1,1,0,0,2,1,2,1,0,1,0,2
7,NRT2,1,0,1,0,0,2,1,1,0,0,2,0,2
8,MRC,0,1,1,0,0,1,1,1,1,0,2,1,2
9,ESP,1,1,0,0,0,1,1,2,1,0,0,2,2
10,ASP,0,0,1,0,0,2,1,2,0,1,0,2,1
11,JCS2,0,0,1,0,1,2,1,2,0,0,1,0,2
12,VSH,0,1,1,0,0,2,0,2,1,0,2,2,2
13,WSR,0,1,1,0,0,1,1,2,1,0,2,1,1
14,LSM,0,1,0,0,0,1,0,1,1,0,1,0,2
15,FLP,0,1,1,2,2,1,1,2,1,0,1,1,2
16,MVH,1,1,0,0,0,1,1,1,1,0,2,1,2
17,EQA,1,1,2,1,1,2,1,0,1,0,0,1,2
18,MER,1,1,2,0,0,2,1,1,1,1,1,2,2
19,WER,1,0,2,0,0,2,0,2,0,0,2,0,2
20,JET,1,1,1,0,0,2,1,2,1,2,2,1,1
22,MCV,1,1,1,0,0,2,1,2,1,1,2,1,2
23,ESV,1,1,1,0,0,0,0,2,1,0,1,1,2
24,YHS,1,2,0,0,0,1,0,2,2,0,1,0,2
25,SYP,1,1,1,0,1,2,1,1,1,0,2,0,2
26,FEV,1,2,1,0,0,2,0,2,2,0,2,0,2
27,JCL,0,1,0,0,0,2,1,2,1,0,2,0,2
28,EEU,0,0,1,0,0,2,2,2,0,0,2,1,2
29,JRA,1,0,1,0,0,1,1,1,0,1,2,2,2
30,DCG,0,0,2,0,0,2,1,2,0,0,2,1,2
31,ACS,0,0,0,0,0,2,0,1,0,1,2,1,2
32,FMS,0,1,0,0,0,2,0,2,1,1,2,0,2
33,DRR,0,0,1,0,0,2,1,2,0,0,1,2,2
34,PRD,1,2,1,0,0,1,2,2,2,0,1,0,2
35,HAD,0,1,2,0,1,2,1,2,1,0,2,0,1
36,SPR,1,2,0,0,0,2,2,2,2,1,2,0,2
37,HPL,1,0,1,0,1,2,1,2,0,1,1,0,2
39,EDO,0,1,2,0,0,2,0,2,1,0,1,1,2
40,DMS,1,0,2,0,0,1,1,2,0,0,1,1,2
41,FCM,1,1,1,0,0,1,1,2,1,1,1,0,2
42,FRV,0,0,0,0,0,1,2,2,0,0,2,0,2
43,AHV,1,0,1,0,0,2,0,1,0,0,2,0,2
44,PPR,1,1,2,0,0,1,1,1,1,0,1,1,2
45,HAN,0,0,1,0,0,2,1,2,0,0,1,1,2
46,HCP,0,1,2,0,0,2,1,2,1,0,1,0,2
47,AEQ,0,1,1,0,0,2,0,NA,1,0,2,2,1
48,PMC,0,1,0,1,1,1,2,2,1,0,0,2,2
49,VVE,0,2,0,1,1,1,0,2,2,0,0,1,2
50,MBB,0,1,2,1,1,1,NA,2,1,1,2,0,2
51,JLL,0,1,2,0,1,2,1,NA,1,0,1,1,1
52,ELR,1,1,1,0,0,0,0,2,1,1,1,1,2
53,MCC,0,0,0,0,1,2,1,2,0,1,2,1,2
54,JCS,0,0,0,0,0,2,0,2,0,2,2,1,2
55,JSL,0,1,1,0,0,0,0,1,1,0,0,0,2
56,LCC,0,0,1,0,0,2,0,2,0,0,1,1,2
57,OTM,0,1,1,0,0,1,1,2,1,1,2,1,1
58,LCJ,2,1,1,1,1,2,2,1,1,1,2,2,1
59,JOL,1,1,1,1,1,1,0,1,1,1,1,1,1
60,HCP2,2,0,1,1,1,1,0,2,0,1,2,2,2
61,CMB,0,0,1,1,1,2,1,0,0,0,1,2,2
62,ECH,1,0,2,0,0,2,1,1,0,1,1,1,2
63,MLR,0,0,1,0,0,1,1,1,0,2,1,0,2
64,TCG,0,0,2,0,0,1,1,0,0,1,0,1,2
65,SOP,2,1,0,0,0,1,2,2,1,0,0,0,2
66,DMM,1,1,1,0,0,1,0,1,1,0,1,1,2
67,NCR,2,1,1,0,1,2,1,2,1,0,1,1,1
68,JIS,1,0,2,1,1,2,0,0,0,0,0,2,2
68,AST,1,1,2,0,0,2,1,1,1,0,2,0,1
69,DIR,0,0,2,0,0,2,1,2,0,0,1,1,2
70,IRD (IRT),0,0,1,0,1,1,2,2,0,0,1,0,2
71,RRO2,0,0,1,0,1,2,2,2,0,0,0,1,2
72,NCD,0,1,1,0,0,2,2,1,1,0,1,2,2
73,BST,1,1,2,0,0,2,1,1,1,0,2,1,1
74,MER,1,1,2,0,0,2,1,1,1,1,1,2,2
75,FEM,1,2,1,0,0,2,0,2,2,0,2,0,2
76,CLE,0,0,2,0,0,2,1,2,0,0,2,0,2
77,GEU,1,1,0,1,1,2,0,2,1,0,1,1,2
78,GQC,0,1,1,0,0,1,2,2,1,0,2,2,1
79,NAE,0,0,1,0,0,2,1,1,0,1,0,0,1
80,OHT,1,0,1,1,1,2,2,1,0,0,1,2,2
81,VSP,1,1,2,0,0,2,0,2,1,1,1,2,0
82,DAC,1,1,2,0,0,1,1,2,1,0,2,1,2
83,PSM,0,1,0,0,1,1,2,2,1,0,2,1,2
84,MJE,1,2,1,0,0,2,0,2,2,1,2,0,2
85,HLR,2,0,1,0,0,1,1,1,0,0,1,2,1
86,ECC,1,1,0,1,1,2,0,1,1,0,0,0,2
87,OTR,1,1,1,1,1,2,2,2,1,0,2,0,2
88,REU,0,1,1,0,0,2,2,2,1,0,2,2,2
89,MZT,1,2,2,0,1,1,0,2,2,0,2,0,2
90,ECB,1,0,1,0,0,1,2,2,0,0,2,0,2
91,JBP,1,0,0,0,1,2,0,2,0,0,1,1,2
92,DNS,1,2,1,1,1,2,1,2,2,0,0,1,1
93,ACR,1,1,0,1,1,2,0,0,1,0,1,1,2
94,LYC,0,2,1,1,1,1,2,2,2,0,2,1,2
95,RJM,1,1,1,0,0,2,1,2,NA,0,2,1,0
96,MGE,0,1,1,1,1,2,0,0,1,2,1,2,2
97,SQN,0,0,0,0,1,2,1,2,0,0,2,0,1
98,LBY,0,0,1,0,0,2,1,1,0,1,1,2,2
99,KCR,2,0,1,0,1,1,0,2,0,0,1,2,1
100,AHD,0,0,1,0,0,2,2,2,0,0,0,0,2
101,JDS,0,0,1,1,1,2,1,2,0,0,2,1,1
102,EFP,0,1,1,0,0,1,2,2,1,2,1,2,1
105,FRC,0,0,2,0,0,0,2,2,0,1,2,0,2
106,LCD,0,0,1,0,0,2,1,2,0,0,1,0,1
107,AAM,1,0,1,0,1,2,2,2,0,0,1,0,2
108,EHS,2,1,0,1,1,2,2,2,1,1,1,2,2
109,RSA,0,1,1,1,1,2,0,2,1,0,1,0,2
110,GVM,1,0,2,0,0,1,2,2,0,0,0,0,1
111,EEP,0,0,1,0,1,0,0,0,0,1,1,2,1
112,JZV,2,0,2,0,0,1,1,1,0,1,2,0,2
113,YAC,0,1,1,0,0,1,1,1,1,0,2,2,1
114,MGD,1,0,2,0,0,2,0,2,0,0,1,1,2
115,MCC2,1,2,2,1,1,2,1,2,2,0,2,1,1
116,CES,1,1,0,0,0,2,1,2,1,0,0,1,1
117,WCV,1,0,2,0,0,2,2,2,0,0,0,1,2
118,MMN,0,0,0,1,1,2,1,2,0,0,1,1,2
119,CCA,1,1,1,0,0,2,1,2,1,0,1,0,2
120,YMC,0,2,2,2,2,1,NA,NA,2,1,1,1,2
121,RVC,0,1,2,1,1,1,1,2,1,1,1,1,1
122,WER,0,2,1,0,0,1,0,2,2,0,0,0,2
122,PCA,0,0,1,0,0,1,0,1,0,0,1,1,2
123,FRC2,1,1,2,0,0,2,0,2,1,1,1,1,1
124,IRR,0,1,1,1,1,1,1,2,1,1,1,1,2
125,CPM,1,0,1,0,0,2,2,2,0,0,1,0,2
126,JVP,1,0,2,1,1,1,2,1,0,0,2,2,2
127,PTA,0,0,1,0,0,1,0,1,0,0,1,1,2
128,CYC,1,1,2,0,0,1,1,2,1,1,1,0,2
129,WAY,0,0,1,0,0,2,1,1,0,0,2,0,1
130,CPP,1,0,2,1,1,1,1,2,0,1,1,0,2
131,RZR,2,0,1,0,0,2,1,1,0,0,2,1,1
132,KCC,1,0,0,0,0,1,1,2,NA,NA,0,2,2
133,GCR,0,0,0,0,0,2,2,2,0,1,1,1,2
134,HVB,0,0,1,0,0,2,1,1,0,0,2,1,1
135,AGS,1,1,1,0,0,2,0,2,1,1,0,1,1
150,JPP,1,0,2,1,1,1,1,2,0,1,1,0,2
151,ABR,1,1,1,0,0,2,1,1,1,1,1,1,2
152,MAN,0,1,2,0,0,2,1,2,1,1,0,1,2
153,MVT,0,1,1,0,0,2,1,2,1,0,2,2,2
154,PGR,2,1,1,0,0,2,1,2,1,1,2,2,2
175,NCR,0,1,1,0,0,2,2,2,1,0,2,0,2
176,CGC,0,0,2,1,1,2,0,2,0,0,2,1,1
177,YMC,0,2,2,2,2,1,1,1,2,1,1,1,2
178,YTG,0,1,0,0,0,2,2,2,1,0,1,2,2
179,ECH,1,0,2,0,0,2,1,NA,0,1,1,1,2
180,VCE,1,1,1,1,1,2,1,2,1,2,0,1,2
181,ECS,1,0,1,0,0,1,0,1,0,0,1,0,2
182,CPP,1,0,2,0,0,1,1,2,0,0,1,0,2
183,MVE,0,0,2,1,1,1,2,2,0,1,0,1,2
184,DVC,0,1,1,0,0,2,1,2,1,0,2,2,1
185,ESP,1,1,0,0,0,1,1,2,1,0,0,2,2
186,JHT,1,1,0,0,0,2,2,2,1,0,2,1,2
187,AHT,0,1,0,0,0,2,2,2,1,0,1,1,2
188,HT2,1,1,1,1,1,2,2,1,1,0,2,0,2
189,MCA,1,1,1,1,1,2,2,2,1,0,1,1,2
190,VQH,0,0,1,0,0,1,1,1,0,1,1,1,2
191,ASQ,0,0,0,0,0,2,0,1,0,1,1,2,2
192,CVC,0,0,1,0,1,2,1,1,0,1,1,1,1
193,CRA,2,0,0,0,0,1,0,2,0,0,2,2,1
194,SMR,0,1,1,0,0,1,0,2,1,0,2,2,2
195,CRB,0,1,2,0,0,2,2,2,1,0,1,1,2
196,POG,1,1,0,0,0,2,0,1,1,1,1,0,2
197,MAC,0,1,2,0,1,1,0,2,1,0,0,2,2
198,BEE,0,1,2,1,1,2,0,1,1,2,2,2,1
199,CCE,0,0,1,0,2,2,1,2,0,0,1,2,1
200,HEE,0,1,2,1,2,2,0,2,1,0,2,2,1
201,LMC,0,1,2,0,1,2,1,0,1,1,1,2,1
202,JAE,1,1,1,0,0,1,0,2,1,1,1,2,2
203,MLE,1,0,1,0,1,2,2,1,0,0,0,1,2
204,STV,0,1,2,0,0,1,2,2,1,1,2,2,1
205,MVE,1,1,2,0,0,1,1,2,1,1,2,1,1
206,ACS,0,0,0,0,0,2,0,NA,0,1,2,1,2
207,SRV,1,2,0,0,0,2,0,2,2,1,1,0,2
208,FMR,1,1,0,0,0,2,1,2,1,0,2,1,2
209,RRP,0,1,1,0,1,2,2,2,1,2,1,0,2
210,JPO,0,0,2,0,1,2,1,2,0,2,1,0,2
211,JCS,0,0,0,0,0,2,0,2,0,2,2,1,2
212,DRH,0,1,1,0,0,2,0,2,1,0,1,0,2
213,LCC,0,0,1,0,0,2,0,2,0,0,1,1,2
214,KOG,0,0,2,0,0,2,1,1,0,0,1,1,2
215,JAA,1,2,1,0,0,2,1,1,2,0,2,0,2
216,RPO,0,0,2,0,0,2,1,NA,0,0,2,0,2
217,FRH,1,0,0,1,1,2,0,2,0,0,2,0,2
218,KSC,0,0,2,0,0,2,1,1,0,0,0,1,2
219,PPR,1,1,2,0,0,NA,1,1,1,0,1,1,2
220,VCD,1,0,1,1,1,1,0,2,0,0,1,0,2
221,RGR,0,0,2,0,0,1,0,2,0,0,2,0,2
222,ASC,0,0,1,0,1,1,1,2,0,1,0,1,2
223,GVR,2,0,0,0,0,1,1,2,0,1,2,0,1
224,JRG,0,2,2,0,0,2,0,1,2,1,2,0,2
225,SCM,0,0,2,1,1,1,2,2,0,0,0,0,2
226,ACM,1,1,2,0,0,1,0,1,1,0,1,0,1
227,JRE,0,0,1,0,1,1,0,1,0,1,2,0,2
228,HGC,1,1,2,0,1,2,0,2,1,1,2,1,1
229,RRC,1,0,2,0,0,1,1,2,0,2,0,0,2
230,JSC,1,0,1,0,0,2,2,2,0,0,2,1,2
231,TRC,1,0,1,0,0,0,0,1,0,0,1,0,2
232,GRM,0,1,0,1,1,1,1,2,1,1,2,0,1
233,ICA,1,0,2,0,0,2,2,2,0,1,2,2,2
234,LML,0,0,2,0,0,2,1,2,0,0,2,2,1
235,JBG,0,0,1,1,1,2,2,2,0,0,2,0,0
236,ABO,1,0,2,1,1,1,1,2,0,1,1,2,2
237,FCG,0,0,2,0,0,2,1,2,0,0,2,1,2
238,8JM,0,0,2,0,0,2,1,2,0,1,2,2,1
239,9LB,2,0,1,1,1,2,1,2,0,1,1,0,2
240,YLV,1,1,1,0,0,2,0,2,1,2,1,1,2
241,HYV,1,1,2,0,0,0,2,1,1,1,2,1,2
242,HEQ,2,1,1,1,1,1,1,2,1,1,1,1,2
243,JNB,0,2,1,0,0,2,1,2,2,1,1,1,1
244,RCC,1,1,1,0,0,2,2,2,1,0,0,0,2
245,RRS,0,0,2,0,0,1,1,1,0,0,1,1,2
246,ETC,1,0,1,1,1,1,1,1,0,0,2,0,2
247,DVS,1,0,2,0,0,1,1,1,0,0,1,0,2
248,MCS,0,0,2,0,0,2,1,2,0,0,1,1,2
250,JSC,0,0,1,0,1,2,1,2,0,0,1,0,2
251,JFS,0,1,1,0,0,1,1,2,1,0,2,1,0
252,ECC2,1,0,1,0,0,2,2,2,0,0,2,2,2
253,SCG,0,1,2,0,0,2,1,2,1,0,2,0,2
254,KRU,1,1,1,0,0,2,1,2,1,1,0,0,2
255,PU,2,1,0,0,0,1,1,2,1,0,0,1,2
256,CCM,1,0,2,0,0,1,0,2,0,0,0,1,2
257,JUT,2,1,1,1,1,1,1,2,1,0,1,2,2
259,XCN,1,0,1,0,0,2,1,2,0,1,1,1,2
260,IBM,1,0,0,1,1,1,0,2,0,1,1,0,2
261,AOM,0,1,2,0,1,2,1,2,1,0,1,0,2
262,ADB,2,1,0,0,1,NA,0,2,1,0,2,2,2
264,LTV,1,1,1,0,0,1,1,2,1,1,1,1,2
265,JGC,0,0,1,1,1,2,0,2,0,0,1,1,2
266,JGT,0,0,2,1,1,2,0,2,0,0,2,1,2
267,CGC,0,1,2,0,0,2,1,2,1,0,1,1,2
268,ECR,0,1,1,0,0,2,1,2,1,0,0,0,2
269,AGI,0,0,2,1,2,2,1,2,0,0,0,1,2
270,JLL,0,1,2,0,1,2,1,2,1,0,1,1,1
271,MDC,1,1,1,1,2,2,1,2,1,0,2,2,2
272,TRG,2,1,2,0,0,2,1,2,1,0,2,0,2
273,DTE,0,0,2,1,1,1,0,1,0,0,1,0,2
274,MBB,0,1,1,0,1,2,1,2,1,0,1,1,2
275,LCC,0,0,2,0,0,1,1,2,0,1,1,1,1
276,IVR,1,1,2,1,1,1,1,NA,1,0,NA,0,2
277,JG,0,0,1,1,1,1,1,2,0,0,0,0,2
279,FGB,0,1,0,1,1,2,2,2,1,0,2,1,1
280,JRT,2,1,1,0,0,2,2,2,1,1,1,1,2
281,CST,0,0,1,0,0,1,0,2,0,0,1,1,1
282,JLO,0,1,1,0,0,0,0,0,1,0,2,1,2
283,CSN,2,1,1,0,0,0,2,2,1,2,0,2,1
284,JGZ,0,1,1,0,0,2,0,2,1,1,0,1,2
285,YHH,0,1,0,0,0,2,1,2,1,0,1,2,1
286,NHR,0,1,1,0,0,1,2,1,1,0,1,2,2
287,JMC,2,0,2,1,1,1,1,1,0,0,2,1,2
288,ERY,0,1,1,1,1,1,1,2,1,0,1,1,2
289,OBS,0,1,2,0,0,0,0,0,1,1,1,1,2
290,OCC,0,1,2,0,0,0,1,0,1,0,1,0,2
291,MH,0,1,1,0,0,1,1,2,1,0,2,0,2
292,GH,0,1,1,0,0,1,1,1,1,0,1,1,2
293,MT,2,2,1,1,1,1,1,2,2,0,2,0,2
294,WA,0,0,2,0,0,2,1,2,0,0,0,0,2
295,POG2,1,1,0,0,0,1,0,1,1,1,1,0,2